epoch,time,train/box_loss,train/cls_loss,train/dfl_loss,metrics/precision(B),metrics/recall(B),metrics/mAP50(B),metrics/mAP50-95(B),val/box_loss,val/cls_loss,val/dfl_loss,lr/pg0,lr/pg1,lr/pg2
1,21.9387,0.99287,12.9773,4.16674,0,0,0,0,1.01637,8.89365,4.15195,0.000391837,0.000391837,0.000391837
2,42.1135,0.83634,10.224,3.61823,0,0,0,0,0.79086,8.01128,3.72676,0.000791815,0.000791815,0.000791815
3,61.7525,0.67994,7.75275,3.17619,0.70102,0.26168,0.32322,0.11986,0.6205,5.73617,3.08916,0.00119171,0.00119171,0.00119171
4,81.2527,0.65172,6.63751,3.0225,0.63028,0.12756,0.23576,0.0787,0.67787,5.10459,3.33221,0.00159145,0.00159145,0.00159145
5,100.76,0.60532,5.80396,2.86397,0.70548,0.47014,0.60742,0.18854,0.60819,3.0741,2.8719,0.00199097,0.00199097,0.00199097
6,120.263,0.5681,5.31186,2.68437,0.72045,0.51402,0.57236,0.22948,0.59246,2.54913,2.80007,0.00199864,0.00199864,0.00199864
7,139.471,0.5654,4.7754,2.68776,0.73713,0.51402,0.59746,0.208,0.58261,2.29628,2.82966,0.00199805,0.00199805,0.00199805
8,158.608,0.5463,4.26914,2.59941,0.72553,0.63551,0.67267,0.24996,0.56696,2.39948,2.72422,0.00199734,0.00199734,0.00199734
9,177.683,0.53954,3.88244,2.56873,0.65359,0.59954,0.56116,0.18698,0.56686,2.57734,2.75083,0.00199653,0.00199653,0.00199653
10,196.772,0.51476,3.2401,2.51767,0.73186,0.57944,0.60681,0.19287,0.56659,2.25113,2.73775,0.00199561,0.00199561,0.00199561
11,215.87,0.53843,3.21467,2.59214,0.81864,0.69159,0.7153,0.27355,0.5319,1.85414,2.61,0.00199458,0.00199458,0.00199458
12,235.11,0.52185,2.94252,2.53696,0.70574,0.59813,0.65668,0.2259,0.56259,1.70899,2.61665,0.00199344,0.00199344,0.00199344
13,254.269,0.50585,2.7354,2.44165,0.854,0.6729,0.73899,0.3165,0.52558,1.96265,2.51565,0.00199219,0.00199219,0.00199219
14,273.382,0.51231,2.57789,2.45458,0.81473,0.6576,0.73873,0.28239,0.53546,1.71518,2.55692,0.00199084,0.00199084,0.00199084
15,292.532,0.49208,2.32078,2.40277,0.76811,0.69159,0.73064,0.28417,0.53481,1.64007,2.55778,0.00198938,0.00198938,0.00198938
16,311.669,0.49372,2.25843,2.41931,0.79377,0.59813,0.62517,0.21434,0.55583,1.95179,2.84623,0.00198781,0.00198781,0.00198781
17,330.922,0.48956,2.10523,2.38997,0.75001,0.75701,0.72714,0.27885,0.5227,1.584,2.49964,0.00198614,0.00198614,0.00198614
18,350.024,0.47209,2.02797,2.30467,0.74414,0.70093,0.74662,0.29544,0.52416,1.54459,2.47643,0.00198435,0.00198435,0.00198435
19,369.13,0.46828,1.99158,2.2894,0.6873,0.63551,0.64643,0.26084,0.53291,1.58416,2.55194,0.00198246,0.00198246,0.00198246
20,388.27,0.47506,2.01376,2.27043,0.7787,0.82215,0.82881,0.30671,0.50717,1.3658,2.49567,0.00198047,0.00198047,0.00198047
21,407.416,0.45906,1.82492,2.26856,0.60441,0.61682,0.60295,0.22794,0.51419,1.5917,2.46239,0.00197837,0.00197837,0.00197837
22,426.708,0.47348,1.85364,2.27364,0.78664,0.75809,0.78267,0.27184,0.52952,1.45504,2.58885,0.00197616,0.00197616,0.00197616
23,445.882,0.45313,1.68614,2.25868,0.62277,0.70975,0.60059,0.21008,0.53445,1.49722,2.63945,0.00197384,0.00197384,0.00197384
24,465.127,0.47464,1.76185,2.28042,0.80327,0.81308,0.82419,0.31979,0.49743,1.47113,2.45408,0.00197142,0.00197142,0.00197142
25,484.423,0.4503,1.65492,2.20633,0.7731,0.74766,0.76224,0.30367,0.5112,1.46536,2.53392,0.0019689,0.0019689,0.0019689
26,503.566,0.44757,1.64963,2.18152,0.81033,0.83178,0.8547,0.3389,0.49199,1.44571,2.40945,0.00196627,0.00196627,0.00196627
27,522.792,0.45009,1.60602,2.20362,0.83384,0.7757,0.83777,0.34046,0.49895,1.38603,2.39827,0.00196353,0.00196353,0.00196353
28,541.915,0.4402,1.60735,2.17078,0.63228,0.72897,0.64959,0.26076,0.51566,1.38784,2.57654,0.00196069,0.00196069,0.00196069
29,561.049,0.43602,1.52919,2.1777,0.65813,0.73766,0.67718,0.2536,0.51283,1.39778,2.48815,0.00195775,0.00195775,0.00195775
30,580.233,0.46041,1.55051,2.22552,0.74778,0.74813,0.76487,0.29776,0.52145,1.31721,2.63612,0.0019547,0.0019547,0.0019547
31,599.4,0.43735,1.50666,2.16111,0.9208,0.83178,0.89583,0.36116,0.49421,1.28766,2.37928,0.00195155,0.00195155,0.00195155
32,618.512,0.46006,1.53858,2.20158,0.8188,0.73832,0.79088,0.35096,0.50999,1.50837,2.44214,0.00194829,0.00194829,0.00194829
33,637.636,0.4275,1.52867,2.13773,0.66094,0.73832,0.698,0.27548,0.51232,1.29875,2.5561,0.00194493,0.00194493,0.00194493
34,656.809,0.43096,1.45244,2.13675,0.72907,0.76636,0.74781,0.31434,0.49239,1.35781,2.4854,0.00194147,0.00194147,0.00194147
35,675.939,0.43136,1.49615,2.11753,0.75936,0.7757,0.78268,0.32021,0.49663,1.36012,2.45267,0.00193791,0.00193791,0.00193791
36,695.259,0.44633,1.47362,2.16452,0.70835,0.79447,0.75581,0.30848,0.48466,1.5145,2.36038,0.00193424,0.00193424,0.00193424
37,714.485,0.42534,1.37388,2.1313,0.83718,0.75701,0.79443,0.32517,0.5091,1.4882,2.4017,0.00193048,0.00193048,0.00193048
38,733.646,0.42881,1.37966,2.09983,0.84388,0.81308,0.816,0.32914,0.51592,1.29775,2.44693,0.00192661,0.00192661,0.00192661
39,752.783,0.42372,1.32539,2.11152,0.70624,0.78643,0.74145,0.31513,0.49559,1.24493,2.40869,0.00192264,0.00192264,0.00192264
40,772.087,0.41492,1.33331,2.0524,0.81328,0.75701,0.784,0.29523,0.50558,1.36199,2.48709,0.00191858,0.00191858,0.00191858
41,791.452,0.41944,1.3799,2.0694,0.84019,0.81308,0.88344,0.36657,0.47948,1.28798,2.32022,0.00191441,0.00191441,0.00191441
42,810.673,0.42769,1.34162,2.10824,0.73657,0.84112,0.79045,0.29817,0.50604,1.2677,2.41391,0.00191014,0.00191014,0.00191014
43,829.845,0.41056,1.28859,2.07072,0.82959,0.78505,0.81317,0.31917,0.50644,1.21937,2.54745,0.00190578,0.00190578,0.00190578
44,849.041,0.42757,1.36339,2.12492,0.86674,0.79026,0.84427,0.31921,0.5135,1.2765,2.51827,0.00190132,0.00190132,0.00190132
45,868.224,0.41545,1.39277,2.0793,0.85274,0.82243,0.87671,0.34847,0.48429,1.27531,2.40583,0.00189675,0.00189675,0.00189675
46,887.389,0.41594,1.27522,2.06524,0.75582,0.81001,0.76139,0.32516,0.46847,1.25219,2.34842,0.0018921,0.0018921,0.0018921
47,906.578,0.40015,1.3168,2.0411,0.76477,0.85078,0.7866,0.30635,0.49187,1.2457,2.49002,0.00188734,0.00188734,0.00188734
48,925.788,0.41242,1.23607,2.04618,0.69351,0.78505,0.74091,0.29243,0.50796,1.29646,2.43187,0.00188249,0.00188249,0.00188249
49,944.975,0.40845,1.26173,2.01526,0.89873,0.80374,0.85758,0.36124,0.50952,1.26274,2.38153,0.00187754,0.00187754,0.00187754
50,964.12,0.40307,1.27981,2.03881,0.87079,0.81884,0.85182,0.38537,0.48363,1.31158,2.44916,0.0018725,0.0018725,0.0018725
51,983.212,0.41523,1.27486,2.06491,0.85388,0.76462,0.76785,0.34967,0.48685,1.28221,2.44308,0.00186737,0.00186737,0.00186737
52,1002.37,0.42371,1.27314,2.08658,0.86841,0.82243,0.88341,0.36556,0.50483,1.29853,2.34635,0.00186213,0.00186213,0.00186213
53,1021.65,0.41054,1.23751,2.02657,0.70017,0.81308,0.76295,0.31377,0.48973,1.24189,2.4443,0.00185681,0.00185681,0.00185681
54,1040.85,0.39358,1.24275,1.95879,0.76059,0.84112,0.79279,0.33144,0.48331,1.18796,2.39573,0.00185139,0.00185139,0.00185139
55,1059.9,0.39311,1.21662,1.99719,0.70274,0.81308,0.74003,0.3167,0.47203,1.27288,2.3515,0.00184588,0.00184588,0.00184588
56,1079.04,0.4136,1.27708,2.07402,0.86691,0.85225,0.86068,0.35788,0.50001,1.17278,2.52357,0.00184028,0.00184028,0.00184028
57,1098.09,0.40342,1.22822,2.04651,0.43181,0.84112,0.41614,0.16745,0.49122,2.91604,2.46366,0.00183459,0.00183459,0.00183459
58,1117.2,0.39499,1.20365,2.01198,0.18071,0.82243,0.17147,0.07357,0.49642,15.9549,2.45607,0.00182881,0.00182881,0.00182881
59,1136.25,0.40463,1.20918,2.01003,0.72592,0.81308,0.78518,0.29787,0.49841,1.18997,2.5444,0.00182294,0.00182294,0.00182294
60,1155.26,0.38182,1.16641,1.94704,0.7004,0.80374,0.74513,0.3018,0.49096,1.25439,2.37207,0.00181698,0.00181698,0.00181698
61,1174.38,0.39715,1.1578,1.99125,0.83972,0.80374,0.81132,0.35274,0.49652,1.2301,2.38192,0.00181093,0.00181093,0.00181093
62,1193.71,0.40875,1.19608,2.03832,0.90048,0.82243,0.89067,0.36455,0.49518,1.20867,2.35955,0.00180479,0.00180479,0.00180479
63,1212.96,0.40503,1.24253,2.01667,0.76264,0.87085,0.84663,0.35524,0.49129,1.25017,2.37867,0.00179856,0.00179856,0.00179856
64,1232.17,0.39201,1.15869,1.9663,0.81652,0.88785,0.84897,0.35316,0.48635,1.14341,2.33124,0.00179225,0.00179225,0.00179225
65,1251.25,0.37944,1.14139,1.92763,0.79201,0.91589,0.84177,0.34579,0.49221,1.13802,2.3419,0.00178586,0.00178586,0.00178586
66,1270.49,0.40509,1.17333,2.01295,0.61885,0.83178,0.57526,0.23723,0.49819,1.6202,2.48807,0.00177937,0.00177937,0.00177937
67,1289.63,0.38703,1.18082,1.96187,0.82368,0.84112,0.85901,0.36079,0.48643,1.20937,2.41857,0.00177281,0.00177281,0.00177281
68,1308.94,0.38617,1.1395,1.95765,0.85914,0.85047,0.86702,0.36936,0.48462,1.14282,2.48187,0.00176616,0.00176616,0.00176616
69,1328.12,0.37197,1.08047,1.93584,0.73346,0.87443,0.85065,0.34358,0.47667,1.20685,2.41824,0.00175943,0.00175943,0.00175943
70,1347.23,0.38285,1.08988,1.92644,0.83362,0.83178,0.81994,0.37271,0.47772,1.2826,2.32187,0.00175261,0.00175261,0.00175261
71,1366.27,0.38499,1.13345,1.95215,0.8578,0.82243,0.85248,0.33014,0.51373,1.16874,2.54997,0.00174571,0.00174571,0.00174571
72,1385.36,0.39909,1.10817,2.01263,0.89957,0.82243,0.86828,0.38568,0.49503,1.14768,2.3805,0.00173874,0.00173874,0.00173874
73,1404.49,0.40172,1.152,1.9873,0.78803,0.90337,0.8858,0.37515,0.4888,1.17242,2.34391,0.00173168,0.00173168,0.00173168
74,1423.45,0.36599,1.10948,1.89518,0.78255,0.8785,0.82977,0.34362,0.47556,1.16788,2.35908,0.00172454,0.00172454,0.00172454
75,1442.35,0.37396,1.13794,1.88486,0.8527,0.81154,0.85621,0.36277,0.47529,1.22863,2.39028,0.00171733,0.00171733,0.00171733
76,1461.32,0.36534,1.05718,1.87782,0.83425,0.84672,0.82386,0.35506,0.50454,1.10876,2.46881,0.00171004,0.00171004,0.00171004
77,1480.47,0.39867,1.07686,1.96479,0.89211,0.88785,0.90928,0.39685,0.48329,1.11336,2.389,0.00170267,0.00170267,0.00170267
78,1499.56,0.38183,1.08308,1.94283,0.74612,0.79439,0.77739,0.31588,0.48998,1.27276,2.39485,0.00169522,0.00169522,0.00169522
79,1518.62,0.37787,1.07854,1.93988,0.86581,0.84421,0.88693,0.39939,0.47044,1.20449,2.28385,0.0016877,0.0016877,0.0016877
80,1537.76,0.37577,1.14424,1.90819,0.89791,0.8785,0.89982,0.38241,0.49383,1.06396,2.40568,0.00168011,0.00168011,0.00168011
81,1556.9,0.3985,1.12598,1.96076,0.87087,0.81938,0.8403,0.34948,0.50978,1.11316,2.59403,0.00167244,0.00167244,0.00167244
82,1576.04,0.39444,1.16318,1.98272,0.85406,0.90654,0.91458,0.40795,0.48018,1.11322,2.3994,0.0016647,0.0016647,0.0016647
83,1595.13,0.39016,1.12084,1.93221,0.79474,0.86845,0.8003,0.32545,0.48733,1.08505,2.41267,0.00165689,0.00165689,0.00165689
84,1614.26,0.36174,1.10646,1.85594,0.90636,0.85981,0.90113,0.39676,0.48033,1.10104,2.3474,0.001649,0.001649,0.001649
85,1633.36,0.38257,1.068,1.93928,0.82114,0.90108,0.86026,0.36476,0.46259,1.16926,2.39333,0.00164105,0.00164105,0.00164105
86,1652.41,0.3737,1.08599,1.89625,0.91848,0.84245,0.90599,0.40191,0.47536,1.0722,2.36823,0.00163303,0.00163303,0.00163303
87,1671.49,0.38105,1.03676,1.91249,0.8556,0.88604,0.86605,0.37857,0.47992,1.1081,2.36844,0.00162494,0.00162494,0.00162494
88,1690.56,0.37708,1.06153,1.89672,0.83772,0.85981,0.87169,0.38195,0.46824,1.19482,2.30618,0.00161678,0.00161678,0.00161678
89,1709.72,0.3744,1.10774,1.91717,0.97799,0.8306,0.92806,0.41632,0.48731,1.17411,2.30913,0.00160855,0.00160855,0.00160855
90,1729.04,0.36996,1.07433,1.89026,0.92451,0.8785,0.92666,0.39915,0.48626,1.15122,2.29035,0.00160026,0.00160026,0.00160026
91,1748.16,0.36674,1.05733,1.88946,0.93895,0.86916,0.93437,0.40932,0.4705,1.08276,2.26325,0.00159191,0.00159191,0.00159191
92,1767.37,0.36956,1.06534,1.88037,0.91372,0.85047,0.87483,0.39255,0.47904,1.16789,2.32499,0.00158349,0.00158349,0.00158349
93,1786.54,0.3556,1.06759,1.82426,0.81827,0.88373,0.85354,0.38886,0.46208,1.10194,2.34557,0.00157501,0.00157501,0.00157501
94,1805.59,0.36139,1.02675,1.83935,0.87864,0.8972,0.90625,0.40484,0.48561,1.06026,2.32349,0.00156646,0.00156646,0.00156646
95,1824.63,0.37288,1.0159,1.87849,0.83589,0.88785,0.84423,0.35394,0.49055,1.11941,2.43654,0.00155786,0.00155786,0.00155786
96,1843.79,0.35972,1.01968,1.86027,0.74019,0.9053,0.79678,0.33279,0.48539,1.13024,2.42086,0.00154919,0.00154919,0.00154919
97,1862.99,0.36231,1.02619,1.86641,0.84876,0.86916,0.8984,0.39239,0.48657,1.11899,2.30661,0.00154047,0.00154047,0.00154047
98,1882.17,0.36577,1.01251,1.85894,0.77163,0.8785,0.84135,0.35743,0.48223,1.21639,2.41502,0.00153169,0.00153169,0.00153169
99,1901.2,0.35481,1.01999,1.84686,0.89043,0.83546,0.89789,0.39783,0.47254,1.10532,2.311,0.00152285,0.00152285,0.00152285
100,1920.37,0.3649,1.02038,1.87638,0.80146,0.85047,0.83407,0.35956,0.4844,1.10526,2.37359,0.00151395,0.00151395,0.00151395
101,1939.55,0.35636,1.0472,1.83809,0.82551,0.8972,0.88387,0.37735,0.48036,1.07425,2.33756,0.001505,0.001505,0.001505
102,1958.69,0.36894,1.05549,1.88193,0.84226,0.91589,0.9078,0.39969,0.47856,1.05107,2.30421,0.00149599,0.00149599,0.00149599
103,1977.85,0.36445,0.97814,1.85615,0.83178,0.8318,0.87678,0.37365,0.48382,1.08057,2.33811,0.00148694,0.00148694,0.00148694
104,1997.06,0.36391,1.04599,1.85564,0.85244,0.86384,0.8878,0.4011,0.48433,1.05433,2.29327,0.00147783,0.00147783,0.00147783
105,2016.27,0.37548,0.99497,1.88799,0.90327,0.87272,0.888,0.40379,0.46338,1.11824,2.27715,0.00146866,0.00146866,0.00146866
106,2035.46,0.35587,1.00631,1.82387,0.90419,0.92523,0.91738,0.38403,0.48558,1.07721,2.32652,0.00145945,0.00145945,0.00145945
107,2054.5,0.36613,1.01084,1.87933,0.87812,0.87534,0.87974,0.39747,0.47524,1.07979,2.35229,0.00145019,0.00145019,0.00145019
108,2073.71,0.34844,0.94884,1.81939,0.79686,0.91651,0.82878,0.36012,0.49188,1.04896,2.41533,0.00144088,0.00144088,0.00144088
109,2092.89,0.35021,1.01914,1.84225,0.89166,0.85981,0.87519,0.37913,0.46529,1.09516,2.35408,0.00143152,0.00143152,0.00143152
110,2111.9,0.36637,0.98597,1.86331,0.9228,0.90654,0.9098,0.40824,0.492,1.05531,2.34765,0.00142212,0.00142212,0.00142212
111,2131.14,0.36632,1.0366,1.86411,0.83539,0.85047,0.85483,0.3421,0.48523,1.11486,2.45086,0.00141267,0.00141267,0.00141267
112,2150.27,0.34997,0.96699,1.78296,0.88326,0.8972,0.90079,0.36882,0.47898,1.08974,2.45123,0.00140318,0.00140318,0.00140318
113,2169.52,0.35616,0.98305,1.8294,0.90925,0.84279,0.89294,0.41262,0.4844,1.07476,2.33864,0.00139364,0.00139364,0.00139364
114,2188.7,0.35436,0.99646,1.83139,0.84247,0.84968,0.84395,0.384,0.47764,1.12159,2.38094,0.00138406,0.00138406,0.00138406
115,2207.72,0.35534,0.98441,1.85287,0.9315,0.88969,0.90259,0.40425,0.45408,1.16148,2.26055,0.00137444,0.00137444,0.00137444
116,2226.88,0.36096,0.99099,1.82758,0.81177,0.88675,0.86391,0.35777,0.48927,1.01916,2.35662,0.00136478,0.00136478,0.00136478
117,2246.04,0.35482,0.99001,1.84177,0.80075,0.90141,0.88109,0.37777,0.46777,1.07913,2.2985,0.00135509,0.00135509,0.00135509
118,2264.99,0.34306,0.93313,1.77076,0.95142,0.91517,0.9591,0.41341,0.48113,1.01046,2.32693,0.00134535,0.00134535,0.00134535
119,2284.17,0.34459,0.96532,1.80065,0.90149,0.88785,0.9082,0.4142,0.47835,1.05926,2.30032,0.00133558,0.00133558,0.00133558
120,2303.46,0.34061,0.99823,1.78751,0.90274,0.90654,0.92748,0.40608,0.47172,1.08323,2.32644,0.00132577,0.00132577,0.00132577
121,2322.68,0.33691,0.89349,1.75362,0.93994,0.8776,0.90323,0.41503,0.47079,1.06765,2.33522,0.00131593,0.00131593,0.00131593
122,2341.8,0.33159,0.93747,1.75383,0.81551,0.90889,0.87626,0.39296,0.46369,1.05976,2.2771,0.00130605,0.00130605,0.00130605
123,2360.91,0.3461,0.91321,1.77961,0.87201,0.8972,0.89922,0.39156,0.4851,1.06108,2.35458,0.00129614,0.00129614,0.00129614
124,2380.02,0.3431,0.92277,1.81937,0.89182,0.8972,0.93255,0.43533,0.45616,1.13258,2.24293,0.0012862,0.0012862,0.0012862
125,2399.13,0.33838,0.94719,1.80844,0.79136,0.92167,0.86007,0.37985,0.46032,1.05935,2.21503,0.00127623,0.00127623,0.00127623
126,2418.21,0.35553,0.96382,1.82597,0.85915,0.91211,0.89012,0.40542,0.46017,1.02996,2.34056,0.00126623,0.00126623,0.00126623
127,2437.27,0.34439,0.96779,1.77445,0.87402,0.90773,0.90849,0.42558,0.45926,1.01469,2.26522,0.0012562,0.0012562,0.0012562
128,2456.5,0.34023,0.90977,1.76749,0.88224,0.91023,0.9147,0.39417,0.47665,1.00044,2.35514,0.00124615,0.00124615,0.00124615
129,2475.41,0.32461,0.92436,1.73271,0.86952,0.87192,0.89178,0.38034,0.47127,1.09886,2.34865,0.00123607,0.00123607,0.00123607
130,2494.27,0.35851,0.97582,1.789,0.876,0.92434,0.90716,0.40826,0.46677,1.0404,2.29745,0.00122596,0.00122596,0.00122596
131,2513.42,0.34889,0.95638,1.78361,0.84297,0.8972,0.90714,0.39745,0.47572,1.01427,2.32706,0.00121583,0.00121583,0.00121583
132,2532.59,0.34279,0.97986,1.79901,0.91602,0.91746,0.94477,0.3988,0.47458,1.05066,2.35793,0.00120568,0.00120568,0.00120568
133,2551.72,0.34405,0.91042,1.76701,0.85776,0.90174,0.89948,0.41051,0.47118,1.0407,2.34812,0.00119551,0.00119551,0.00119551
134,2570.87,0.32962,0.88861,1.73751,0.90457,0.88586,0.91754,0.41965,0.46745,1.04619,2.29418,0.00118531,0.00118531,0.00118531
135,2590.1,0.34365,0.88383,1.77896,0.83408,0.89265,0.85984,0.37431,0.47366,1.02553,2.36398,0.0011751,0.0011751,0.0011751
136,2609.31,0.33218,0.91692,1.75701,0.89902,0.8785,0.90835,0.39053,0.47197,1.05294,2.41589,0.00116487,0.00116487,0.00116487
137,2628.48,0.34256,0.94802,1.76014,0.86575,0.88785,0.87712,0.41614,0.4472,1.05456,2.2726,0.00115462,0.00115462,0.00115462
138,2647.79,0.35624,0.97474,1.81525,0.89357,0.86312,0.91052,0.42532,0.46062,1.08176,2.30839,0.00114436,0.00114436,0.00114436
139,2666.93,0.3304,0.90655,1.76218,0.88794,0.8972,0.92002,0.4011,0.46518,1.04809,2.3326,0.00113408,0.00113408,0.00113408
140,2686.16,0.33595,0.89086,1.73794,0.86774,0.92523,0.9156,0.40353,0.45067,1.0082,2.26996,0.00112379,0.00112379,0.00112379
141,2705.41,0.34214,0.93844,1.74591,0.89856,0.91065,0.92715,0.41448,0.46556,1.02373,2.28591,0.00111348,0.00111348,0.00111348
142,2724.56,0.34226,0.89352,1.79499,0.92607,0.88785,0.92878,0.42189,0.45739,0.9941,2.26076,0.00110317,0.00110317,0.00110317
143,2743.64,0.32782,0.87035,1.72289,0.94789,0.85005,0.92977,0.43126,0.47618,1.03631,2.28478,0.00109284,0.00109284,0.00109284
144,2762.87,0.3254,0.89102,1.74088,0.83299,0.88564,0.87986,0.3811,0.47165,1.02102,2.37734,0.00108251,0.00108251,0.00108251
145,2782.09,0.34575,0.95002,1.78978,0.9072,0.88785,0.90591,0.42673,0.46252,1.01332,2.28053,0.00107216,0.00107216,0.00107216
146,2801.3,0.35495,0.93828,1.83153,0.85264,0.92523,0.88701,0.38721,0.4615,1.04181,2.29482,0.00106181,0.00106181,0.00106181
147,2820.48,0.3317,0.88813,1.73959,0.88404,0.92629,0.92501,0.42353,0.46528,1.00441,2.27708,0.00105146,0.00105146,0.00105146
148,2839.67,0.33379,0.89733,1.75536,0.88578,0.8972,0.93034,0.38492,0.48073,1.05694,2.36382,0.0010411,0.0010411,0.0010411
149,2858.88,0.32746,0.93469,1.73919,0.8605,0.92237,0.89499,0.41191,0.47361,0.97337,2.29662,0.00103073,0.00103073,0.00103073
150,2878.05,0.32896,0.87893,1.70184,0.94972,0.90654,0.93621,0.42896,0.47506,1.0498,2.32001,0.00102037,0.00102037,0.00102037
151,2897.2,0.31166,0.87352,1.63701,0.86504,0.89854,0.8915,0.40891,0.47624,1.00591,2.31527,0.00101,0.00101,0.00101
152,2916.36,0.3226,0.90309,1.70083,0.87997,0.90654,0.91173,0.41543,0.46707,0.98712,2.33667,0.000999633,0.000999633,0.000999633
153,2935.67,0.32108,0.82779,1.67637,0.85162,0.91187,0.90844,0.39004,0.48064,0.98185,2.43128,0.000989267,0.000989267,0.000989267
154,2954.84,0.3343,0.91694,1.75999,0.8581,0.9043,0.88518,0.40652,0.45566,1.03603,2.33579,0.000978903,0.000978903,0.000978903
155,2973.95,0.3337,0.90764,1.7314,0.88715,0.8785,0.90354,0.4204,0.46151,1.00969,2.28214,0.000968543,0.000968543,0.000968543
156,2993.18,0.31436,0.86049,1.66959,0.90394,0.8972,0.91343,0.40932,0.47474,0.99188,2.38459,0.000958187,0.000958187,0.000958187
157,3012.33,0.32498,0.86241,1.68897,0.89853,0.91031,0.91486,0.43773,0.46178,0.9712,2.30935,0.000947837,0.000947837,0.000947837
158,3031.51,0.33299,0.87517,1.72297,0.85298,0.91589,0.9091,0.42949,0.46832,0.97951,2.34586,0.000937494,0.000937494,0.000937494
159,3050.66,0.31316,0.86319,1.656,0.85054,0.91589,0.90044,0.40881,0.47299,0.94857,2.34298,0.000927159,0.000927159,0.000927159
160,3069.77,0.31871,0.90296,1.67719,0.83896,0.91589,0.88042,0.38289,0.46656,1.0331,2.37885,0.000916833,0.000916833,0.000916833
161,3088.94,0.32307,0.93624,1.70373,0.91701,0.92942,0.93069,0.42565,0.46636,1.01579,2.33607,0.000906517,0.000906517,0.000906517
162,3108.11,0.33105,0.87944,1.75347,0.88396,0.8972,0.93636,0.40844,0.47541,0.97639,2.38218,0.000896212,0.000896212,0.000896212
163,3127.19,0.32652,0.82673,1.72988,0.89687,0.88785,0.92442,0.41746,0.48236,0.95165,2.40951,0.00088592,0.00088592,0.00088592
164,3146.34,0.32812,0.8637,1.71723,0.88274,0.91464,0.9069,0.40994,0.48828,0.95237,2.46394,0.000875642,0.000875642,0.000875642
165,3165.43,0.33024,0.85976,1.71475,0.86552,0.90654,0.89306,0.402,0.46058,0.98966,2.36291,0.000865378,0.000865378,0.000865378
166,3184.53,0.31196,0.85522,1.66425,0.82912,0.90692,0.89401,0.40766,0.45972,0.97104,2.29714,0.00085513,0.00085513,0.00085513
167,3203.57,0.31133,0.85294,1.66053,0.86071,0.924,0.92268,0.39928,0.47894,0.96367,2.37892,0.000844899,0.000844899,0.000844899
168,3222.74,0.31969,0.82215,1.7075,0.89247,0.8972,0.91838,0.42549,0.46057,0.97622,2.32361,0.000834686,0.000834686,0.000834686
169,3241.98,0.31671,0.87597,1.68692,0.85866,0.92523,0.90988,0.40645,0.4631,0.9803,2.33577,0.000824492,0.000824492,0.000824492
170,3261.22,0.31721,0.85626,1.69271,0.89074,0.92523,0.91864,0.42626,0.46908,1.00233,2.3188,0.000814319,0.000814319,0.000814319
171,3280.48,0.31603,0.86821,1.66351,0.85842,0.90654,0.91702,0.43229,0.45749,0.95998,2.30075,0.000804167,0.000804167,0.000804167
172,3299.75,0.31127,0.82828,1.64423,0.89449,0.90654,0.91812,0.38692,0.46996,0.96809,2.38511,0.000794038,0.000794038,0.000794038
173,3319.02,0.30644,0.82928,1.65769,0.89953,0.92044,0.96663,0.43563,0.45702,0.94606,2.32116,0.000783933,0.000783933,0.000783933
174,3338.33,0.31225,0.86968,1.6768,0.91679,0.92672,0.94619,0.42802,0.46769,0.91945,2.3436,0.000773852,0.000773852,0.000773852
175,3357.5,0.30438,0.79339,1.62518,0.93236,0.90654,0.95676,0.41238,0.46293,0.89438,2.37055,0.000763797,0.000763797,0.000763797
176,3376.68,0.32416,0.83226,1.69352,0.88047,0.92523,0.93904,0.42824,0.45747,0.96474,2.38283,0.000753769,0.000753769,0.000753769
177,3395.88,0.30502,0.81289,1.65583,0.86614,0.93458,0.90607,0.40461,0.4587,0.93854,2.35552,0.000743769,0.000743769,0.000743769
178,3415.05,0.32732,0.84907,1.71665,0.89444,0.92523,0.9353,0.42214,0.4734,0.96709,2.37178,0.000733799,0.000733799,0.000733799
179,3434.2,0.32557,0.8387,1.71567,0.88331,0.8972,0.91835,0.39807,0.48085,0.92517,2.46978,0.000723859,0.000723859,0.000723859
180,3453.41,0.32531,0.83312,1.69995,0.86929,0.9323,0.92073,0.4254,0.4564,0.94323,2.33776,0.00071395,0.00071395,0.00071395
181,3472.65,0.32508,0.82103,1.7054,0.89281,0.93458,0.92086,0.41601,0.48055,0.98369,2.445,0.000704073,0.000704073,0.000704073
182,3491.84,0.32077,0.82114,1.69253,0.88852,0.89387,0.90744,0.42246,0.47355,0.94544,2.34415,0.00069423,0.00069423,0.00069423
183,3510.97,0.31122,0.79252,1.65412,0.85934,0.92523,0.928,0.3983,0.4726,0.93028,2.42222,0.000684422,0.000684422,0.000684422
184,3530.22,0.31252,0.81176,1.66742,0.87583,0.92287,0.93874,0.42479,0.48098,0.90847,2.39473,0.000674649,0.000674649,0.000674649
185,3549.47,0.30206,0.76684,1.65864,0.95196,0.91589,0.96592,0.41779,0.47929,0.95553,2.38353,0.000664914,0.000664914,0.000664914
186,3568.81,0.29838,0.81143,1.62571,0.92218,0.94393,0.95502,0.44875,0.46796,0.8648,2.35054,0.000655216,0.000655216,0.000655216
187,3588.04,0.31675,0.85473,1.65518,0.91068,0.95286,0.96594,0.44956,0.4554,0.93631,2.30726,0.000645557,0.000645557,0.000645557
188,3607.43,0.30053,0.77643,1.63181,0.90003,0.94393,0.93237,0.41498,0.46896,0.94159,2.37756,0.000635938,0.000635938,0.000635938
189,3626.69,0.30175,0.80884,1.61942,0.90303,0.94393,0.95855,0.42588,0.47056,0.93505,2.40184,0.00062636,0.00062636,0.00062636
190,3645.79,0.3008,0.84233,1.62199,0.90702,0.91167,0.94886,0.41544,0.48152,0.91773,2.43182,0.000616824,0.000616824,0.000616824
191,3664.97,0.29622,0.82124,1.59733,0.92518,0.91589,0.94749,0.42782,0.4776,0.93306,2.43626,0.000607331,0.000607331,0.000607331
192,3684.21,0.32202,0.83077,1.67441,0.92595,0.95327,0.96399,0.43472,0.4666,0.93913,2.36651,0.000597882,0.000597882,0.000597882
193,3703.32,0.30508,0.83823,1.65048,0.90152,0.91589,0.94289,0.43288,0.46364,0.91027,2.37928,0.000588479,0.000588479,0.000588479
194,3722.42,0.30302,0.82071,1.62113,0.88443,0.91589,0.94247,0.40126,0.46994,0.92826,2.39333,0.000579121,0.000579121,0.000579121
195,3741.6,0.32221,0.82607,1.68814,0.92205,0.88443,0.92309,0.4339,0.46259,0.93155,2.3309,0.000569811,0.000569811,0.000569811
196,3760.83,0.30583,0.77075,1.63183,0.91183,0.95327,0.94108,0.42618,0.47439,0.90132,2.385,0.000560549,0.000560549,0.000560549
197,3780.1,0.30595,0.79068,1.64127,0.9529,0.94544,0.96914,0.43048,0.47561,0.91272,2.3835,0.000551337,0.000551337,0.000551337
198,3799.28,0.298,0.80206,1.59836,0.95637,0.91589,0.93415,0.43315,0.48275,0.94192,2.38673,0.000542175,0.000542175,0.000542175
199,3818.34,0.30056,0.7982,1.59466,0.91872,0.91589,0.93408,0.43049,0.46468,0.89615,2.39262,0.000533064,0.000533064,0.000533064
200,3837.44,0.29699,0.77475,1.59465,0.93298,0.91074,0.93026,0.41711,0.48459,0.9088,2.47581,0.000524005,0.000524005,0.000524005
201,3856.68,0.30755,0.82443,1.63053,0.94336,0.93403,0.95628,0.43678,0.46645,0.94133,2.39212,0.000515,0.000515,0.000515
202,3875.87,0.29785,0.82017,1.62081,0.92643,0.91589,0.94192,0.43714,0.47025,0.94207,2.36353,0.000506049,0.000506049,0.000506049
203,3895.03,0.30045,0.77919,1.59879,0.92513,0.91589,0.95128,0.41156,0.4861,0.91488,2.46045,0.000497153,0.000497153,0.000497153
204,3914.22,0.30989,0.81559,1.64015,0.89947,0.91979,0.94224,0.42667,0.4629,0.98633,2.37783,0.000488314,0.000488314,0.000488314
205,3933.4,0.29269,0.79142,1.58764,0.9506,0.89925,0.94196,0.43835,0.46692,0.91935,2.35419,0.000479531,0.000479531,0.000479531
206,3952.57,0.30678,0.77806,1.62251,0.95506,0.88785,0.94361,0.43954,0.47784,0.87905,2.45026,0.000470807,0.000470807,0.000470807
207,3971.87,0.29574,0.76264,1.59519,0.90894,0.93294,0.94566,0.447,0.46326,0.86926,2.37694,0.000462142,0.000462142,0.000462142
208,3991.11,0.31949,0.8518,1.67755,0.87832,0.94443,0.94344,0.44454,0.47055,0.8802,2.37095,0.000453537,0.000453537,0.000453537
209,4010.33,0.30746,0.79801,1.631,0.91519,0.8785,0.92289,0.4327,0.47491,0.90698,2.42177,0.000444994,0.000444994,0.000444994
210,4029.42,0.29476,0.74711,1.60257,0.90267,0.91589,0.93946,0.43094,0.47835,0.88218,2.41607,0.000436512,0.000436512,0.000436512
211,4048.61,0.30334,0.77892,1.61408,0.93249,0.90371,0.94662,0.43988,0.48139,0.89995,2.43098,0.000428093,0.000428093,0.000428093
212,4067.83,0.29418,0.74422,1.58225,0.9177,0.90654,0.94139,0.43003,0.48024,0.87474,2.50806,0.000419737,0.000419737,0.000419737
213,4087.08,0.29666,0.80693,1.59174,0.92442,0.91454,0.94638,0.43335,0.47029,0.95383,2.42274,0.000411447,0.000411447,0.000411447
214,4106.2,0.29906,0.77771,1.59778,0.92328,0.8972,0.94717,0.4475,0.47379,0.90437,2.39755,0.000403222,0.000403222,0.000403222
215,4125.32,0.28583,0.74748,1.54888,0.92951,0.92523,0.94916,0.43414,0.48103,0.87623,2.44995,0.000395064,0.000395064,0.000395064
216,4144.47,0.30087,0.77113,1.5922,0.96251,0.8785,0.94268,0.45161,0.48008,0.93994,2.43225,0.000386973,0.000386973,0.000386973
217,4163.64,0.30948,0.79836,1.6439,0.92377,0.91589,0.94664,0.44712,0.47335,0.90115,2.46012,0.00037895,0.00037895,0.00037895
218,4182.8,0.28577,0.78116,1.56957,0.93529,0.94565,0.96678,0.45021,0.46374,0.89212,2.41145,0.000370997,0.000370997,0.000370997
219,4201.89,0.28704,0.74237,1.54814,0.90082,0.90654,0.94531,0.43869,0.47706,0.89322,2.4415,0.000363114,0.000363114,0.000363114
220,4221.03,0.30163,0.78082,1.59079,0.92294,0.93458,0.94288,0.43342,0.47596,0.8788,2.4462,0.000355301,0.000355301,0.000355301
221,4240.23,0.28991,0.7673,1.57993,0.94081,0.91589,0.95065,0.45369,0.46698,0.89412,2.4748,0.000347561,0.000347561,0.000347561
222,4259.41,0.3099,0.79738,1.64923,0.92578,0.93458,0.94041,0.42272,0.47324,0.86888,2.47819,0.000339893,0.000339893,0.000339893
223,4278.5,0.28585,0.74428,1.55965,0.95855,0.95327,0.96893,0.4457,0.47744,0.85321,2.42848,0.000332298,0.000332298,0.000332298
224,4297.54,0.30294,0.77077,1.61499,0.94306,0.94393,0.95493,0.43918,0.47232,0.88395,2.4627,0.000324778,0.000324778,0.000324778
225,4316.65,0.28118,0.72047,1.55024,0.91331,0.94393,0.96083,0.44163,0.47208,0.8982,2.40788,0.000317333,0.000317333,0.000317333
226,4335.76,0.29843,0.76129,1.6208,0.91683,0.93458,0.94195,0.44391,0.47203,0.89337,2.42716,0.000309964,0.000309964,0.000309964
227,4354.79,0.2951,0.74473,1.59535,0.90123,0.9381,0.95634,0.45922,0.48181,0.87686,2.42742,0.000302672,0.000302672,0.000302672
228,4374.03,0.28563,0.71566,1.55448,0.9336,0.91985,0.94704,0.45003,0.47241,0.89801,2.42193,0.000295457,0.000295457,0.000295457
229,4393.2,0.29949,0.75525,1.58114,0.90981,0.94277,0.96701,0.45582,0.47965,0.88016,2.42783,0.000288321,0.000288321,0.000288321
230,4412.34,0.29134,0.76267,1.57411,0.92601,0.93568,0.96272,0.45986,0.46594,0.89689,2.37867,0.000281264,0.000281264,0.000281264
231,4431.46,0.28264,0.76883,1.53852,0.94049,0.93458,0.96318,0.46553,0.47044,0.89806,2.41503,0.000274287,0.000274287,0.000274287
232,4450.64,0.28727,0.72383,1.55472,0.94331,0.93316,0.95025,0.46191,0.46544,0.88516,2.43158,0.00026739,0.00026739,0.00026739
233,4469.74,0.28475,0.74089,1.544,0.95121,0.91098,0.94721,0.45261,0.47531,0.88226,2.46025,0.000260575,0.000260575,0.000260575
234,4488.89,0.27961,0.71734,1.50349,0.94228,0.94393,0.9592,0.44884,0.46926,0.88387,2.41432,0.000253842,0.000253842,0.000253842
235,4508.01,0.27357,0.70299,1.5177,0.93752,0.92523,0.94856,0.46105,0.47807,0.88233,2.47414,0.000247192,0.000247192,0.000247192
236,4527.14,0.29106,0.76667,1.5708,0.93441,0.93458,0.94221,0.42878,0.4886,0.8929,2.4939,0.000240625,0.000240625,0.000240625
237,4546.33,0.28764,0.76036,1.54773,0.95189,0.92452,0.93917,0.43295,0.47625,0.87039,2.47179,0.000234143,0.000234143,0.000234143
238,4565.65,0.3022,0.78578,1.60563,0.93428,0.94393,0.96055,0.44299,0.48911,0.86867,2.45816,0.000227747,0.000227747,0.000227747
239,4584.89,0.28664,0.72387,1.58516,0.93736,0.92523,0.94995,0.45082,0.47135,0.86277,2.41676,0.000221435,0.000221435,0.000221435
240,4604.16,0.28556,0.77387,1.54984,0.96135,0.92976,0.96388,0.45284,0.46734,0.86311,2.39239,0.000215211,0.000215211,0.000215211
241,4623.34,0.28802,0.76133,1.57161,0.93164,0.90654,0.92989,0.43865,0.47358,0.85062,2.44201,0.000209073,0.000209073,0.000209073
242,4642.51,0.28292,0.77172,1.55051,0.94631,0.92523,0.95354,0.44297,0.46628,0.85829,2.41521,0.000203023,0.000203023,0.000203023
243,4661.61,0.28064,0.75217,1.53392,0.9197,0.92523,0.93602,0.43756,0.46649,0.85876,2.44148,0.000197062,0.000197062,0.000197062
244,4680.87,0.28798,0.70676,1.56163,0.94264,0.92158,0.94041,0.45823,0.46943,0.88943,2.43039,0.00019119,0.00019119,0.00019119
245,4700.11,0.28839,0.74351,1.59232,0.92973,0.94393,0.94775,0.4344,0.4739,0.8825,2.44538,0.000185408,0.000185408,0.000185408
246,4719.21,0.28922,0.73201,1.55463,0.94285,0.92523,0.94199,0.45387,0.47127,0.85455,2.44451,0.000179716,0.000179716,0.000179716
247,4738.4,0.28608,0.73443,1.55292,0.95188,0.92431,0.94323,0.44944,0.46874,0.84942,2.44164,0.000174115,0.000174115,0.000174115
248,4757.53,0.26876,0.70456,1.50206,0.93085,0.93458,0.95448,0.44833,0.46192,0.86301,2.43316,0.000168606,0.000168606,0.000168606
249,4776.7,0.27872,0.74997,1.52633,0.93297,0.93458,0.93828,0.43777,0.47166,0.84631,2.47082,0.000163189,0.000163189,0.000163189
250,4795.88,0.29298,0.74242,1.58248,0.94392,0.94391,0.95137,0.44678,0.4695,0.85893,2.45845,0.000157865,0.000157865,0.000157865
251,4815.13,0.28383,0.77996,1.55088,0.94282,0.95327,0.95473,0.43899,0.46694,0.85694,2.46638,0.000152635,0.000152635,0.000152635
252,4834.4,0.28262,0.74518,1.55313,0.94201,0.95327,0.95949,0.4449,0.46839,0.84696,2.45888,0.000147498,0.000147498,0.000147498
253,4853.64,0.27421,0.73274,1.52089,0.9347,0.94393,0.93224,0.43806,0.47151,0.84359,2.45861,0.000142456,0.000142456,0.000142456
254,4872.91,0.27806,0.70768,1.5281,0.95257,0.93859,0.96605,0.45798,0.46441,0.86694,2.41317,0.00013751,0.00013751,0.00013751
255,4892.13,0.28594,0.72352,1.54147,0.94073,0.93458,0.93925,0.44777,0.46737,0.85618,2.47481,0.000132658,0.000132658,0.000132658
256,4911.33,0.29874,0.79551,1.61584,0.93849,0.93458,0.94709,0.44907,0.47134,0.85363,2.46427,0.000127904,0.000127904,0.000127904
257,4930.59,0.26801,0.72841,1.50377,0.9434,0.93457,0.93035,0.44557,0.47485,0.85091,2.48332,0.000123245,0.000123245,0.000123245
258,4949.86,0.27899,0.73968,1.53553,0.94008,0.92523,0.93753,0.45845,0.47187,0.84209,2.45379,0.000118684,0.000118684,0.000118684
259,4968.88,0.281,0.71919,1.54052,0.94273,0.92301,0.94891,0.44928,0.47478,0.83957,2.47331,0.000114221,0.000114221,0.000114221
260,4988.04,0.27167,0.71763,1.49519,0.92586,0.93374,0.95897,0.44236,0.46715,0.83491,2.45601,0.000109856,0.000109856,0.000109856
261,5007.19,0.28703,0.79277,1.57509,0.94141,0.94393,0.97203,0.45488,0.46627,0.84527,2.42947,0.00010559,0.00010559,0.00010559
262,5026.29,0.28842,0.74893,1.55404,0.9335,0.93458,0.95942,0.45826,0.46718,0.84481,2.44195,0.000101423,0.000101423,0.000101423
263,5045.42,0.2751,0.72284,1.53152,0.94834,0.93458,0.96732,0.45027,0.46342,0.85125,2.43462,9.73555e-05,9.73555e-05,9.73555e-05
264,5064.63,0.2786,0.7441,1.51524,0.92362,0.93458,0.95071,0.43315,0.46911,0.83761,2.48971,9.33881e-05,9.33881e-05,9.33881e-05
265,5083.75,0.27204,0.67938,1.50632,0.9249,0.93458,0.9553,0.43716,0.47065,0.83118,2.48903,8.95213e-05,8.95213e-05,8.95213e-05
266,5103.03,0.27629,0.75644,1.51345,0.94158,0.93458,0.96702,0.44312,0.46765,0.82335,2.45077,8.57554e-05,8.57554e-05,8.57554e-05
267,5122.18,0.28676,0.72914,1.52424,0.93694,0.93458,0.96563,0.45063,0.46486,0.84243,2.45706,8.20908e-05,8.20908e-05,8.20908e-05
268,5141.38,0.27637,0.69001,1.51584,0.93812,0.93458,0.96183,0.45468,0.464,0.84254,2.45617,7.8528e-05,7.8528e-05,7.8528e-05
269,5160.58,0.27855,0.75484,1.52597,0.9248,0.91952,0.95373,0.44693,0.46811,0.82815,2.46788,7.50674e-05,7.50674e-05,7.50674e-05
270,5179.63,0.27821,0.72951,1.51606,0.94968,0.93458,0.96915,0.45151,0.47223,0.82447,2.47074,7.17093e-05,7.17093e-05,7.17093e-05
271,5198.83,0.29747,0.75526,1.574,0.95564,0.93458,0.97486,0.45697,0.47152,0.82861,2.45082,6.8454e-05,6.8454e-05,6.8454e-05
272,5218.05,0.28968,0.74243,1.57337,0.93834,0.92523,0.96162,0.46048,0.47001,0.83726,2.46965,6.53021e-05,6.53021e-05,6.53021e-05
273,5237.21,0.26279,0.66952,1.46238,0.94172,0.92523,0.9571,0.44894,0.47297,0.83898,2.48258,6.22537e-05,6.22537e-05,6.22537e-05
274,5256.33,0.26779,0.71822,1.46292,0.95098,0.93458,0.97192,0.45188,0.47403,0.83792,2.4881,5.93093e-05,5.93093e-05,5.93093e-05
275,5275.4,0.28318,0.76331,1.54427,0.94752,0.93458,0.96806,0.459,0.47173,0.83212,2.47848,5.64691e-05,5.64691e-05,5.64691e-05
276,5294.5,0.26876,0.67845,1.48749,0.94122,0.93458,0.96926,0.45559,0.47288,0.83235,2.47245,5.37334e-05,5.37334e-05,5.37334e-05
277,5313.68,0.28125,0.73037,1.53273,0.94988,0.93458,0.96593,0.44778,0.47352,0.83662,2.48901,5.11027e-05,5.11027e-05,5.11027e-05
278,5332.91,0.28575,0.74131,1.52759,0.94975,0.93458,0.96677,0.4496,0.47268,0.84862,2.49334,4.85771e-05,4.85771e-05,4.85771e-05
279,5352.11,0.29337,0.74086,1.56205,0.94259,0.93458,0.96795,0.45857,0.47024,0.83978,2.483,4.61569e-05,4.61569e-05,4.61569e-05
280,5371.25,0.27494,0.71491,1.50426,0.95927,0.93458,0.96523,0.45013,0.47294,0.85125,2.4941,4.38424e-05,4.38424e-05,4.38424e-05
281,5390.58,0.27556,0.74805,1.50946,0.95047,0.93458,0.96574,0.45249,0.47276,0.84182,2.50048,4.16339e-05,4.16339e-05,4.16339e-05
282,5409.63,0.27219,0.7046,1.50169,0.95003,0.93458,0.96559,0.4428,0.47207,0.83625,2.49472,3.95315e-05,3.95315e-05,3.95315e-05
283,5428.63,0.27883,0.72077,1.51579,0.93483,0.93839,0.9614,0.44584,0.47255,0.83552,2.49871,3.75356e-05,3.75356e-05,3.75356e-05
284,5447.73,0.2789,0.71937,1.52162,0.9511,0.93458,0.96416,0.44769,0.47208,0.83196,2.49875,3.56463e-05,3.56463e-05,3.56463e-05
285,5466.95,0.27748,0.72524,1.50294,0.93822,0.92523,0.948,0.44487,0.47523,0.83467,2.51727,3.38639e-05,3.38639e-05,3.38639e-05
286,5486.09,0.28044,0.704,1.53901,0.9483,0.94393,0.96404,0.45041,0.47516,0.83882,2.50252,3.21885e-05,3.21885e-05,3.21885e-05
287,5505.22,0.28006,0.75218,1.5352,0.93965,0.93458,0.96391,0.45012,0.47397,0.83676,2.49554,3.06204e-05,3.06204e-05,3.06204e-05
288,5524.38,0.27384,0.73653,1.50393,0.95653,0.93458,0.96417,0.44647,0.47272,0.83823,2.48141,2.91596e-05,2.91596e-05,2.91596e-05
289,5543.58,0.28471,0.7164,1.52546,0.95261,0.93935,0.96304,0.44557,0.47208,0.84171,2.48602,2.78064e-05,2.78064e-05,2.78064e-05
290,5562.72,0.28488,0.72095,1.56237,0.95698,0.94393,0.96386,0.44789,0.47131,0.84129,2.48988,2.6561e-05,2.6561e-05,2.6561e-05
291,5582.75,0.27472,0.66733,1.51075,0.92082,0.94393,0.96288,0.44274,0.47283,0.84663,2.50909,2.54233e-05,2.54233e-05,2.54233e-05
292,5601.86,0.27426,0.6622,1.50728,0.9263,0.9397,0.95492,0.44203,0.47623,0.85468,2.5283,2.43937e-05,2.43937e-05,2.43937e-05
293,5620.92,0.27539,0.64407,1.49921,0.92659,0.94371,0.95277,0.44355,0.47628,0.84696,2.52738,2.34721e-05,2.34721e-05,2.34721e-05
294,5639.7,0.28172,0.66883,1.49863,0.91658,0.94393,0.95478,0.43906,0.47549,0.8402,2.52413,2.26587e-05,2.26587e-05,2.26587e-05
295,5658.94,0.26781,0.63854,1.47933,0.9263,0.94393,0.95793,0.43962,0.47477,0.84597,2.53087,2.19535e-05,2.19535e-05,2.19535e-05
296,5678.12,0.28263,0.65977,1.51953,0.92573,0.93458,0.94193,0.43686,0.47668,0.85352,2.54261,2.13568e-05,2.13568e-05,2.13568e-05
297,5697.41,0.27551,0.65279,1.52127,0.93348,0.94393,0.95816,0.43847,0.47873,0.8541,2.53891,2.08684e-05,2.08684e-05,2.08684e-05
298,5716.59,0.27347,0.65865,1.51108,0.93704,0.94393,0.96263,0.44123,0.47545,0.85195,2.51598,2.04885e-05,2.04885e-05,2.04885e-05
299,5735.51,0.27734,0.6569,1.52373,0.95333,0.94393,0.96196,0.44583,0.47783,0.84806,2.52591,2.02171e-05,2.02171e-05,2.02171e-05
300,5754.41,0.27492,0.65978,1.5024,0.94739,0.94393,0.96239,0.44878,0.47679,0.85202,2.51304,2.00543e-05,2.00543e-05,2.00543e-05
